experiment,val_acc,val_loss,train_acc,overfit_gap,best_epoch,epochs_run,parameters,train_time_sec
baseline (seed 42),0.8891108891108891,0.3879777953460381,0.9544545656520773,0.06534367654118822,19,24,258977,449.7806832790375
baseline (seed 43),0.8881118881118881,0.37281119198232265,0.9545656520773161,0.06645376396542801,18,23,258977,378.6657257080078
baseline (seed 44),0.8951048951048951,0.37411328941792044,0.9642301710730948,0.06912527596819973,23,28,258977,465.79025650024414
embeddings frozen,0.8931068931068931,0.39030187405072725,0.9520106642968229,0.05890377118992984,27,30,113477,393.67122292518616
embeddings random (no GloVe),0.8841158841158842,0.4228031790101683,0.9653410353254832,0.08122515120959906,30,30,258977,517.1093881130219
dropout 0.3,0.8941058941058941,0.39003449991032796,0.9781159742279494,0.08401008012205524,19,24,258977,451.0321464538574
dropout 0.7,0.8951048951048951,0.39595666009705743,0.9072428349255721,0.012137939820677013,19,24,258977,505.15327310562134
"kernels 3,4,5",0.9010989010989011,0.38433544032580846,0.9583425905354366,0.05724368943653546,18,23,288977,453.49461126327515
"kernels 1,2,3",0.9050949050949051,0.3474635325528525,0.9537880471006444,0.048693142005739265,21,26,228977,461.88792395591736
kernel 3 only,0.8891108891108891,0.4078951419947983,0.9169073539213508,0.02779646481046172,27,30,183377,145.81100177764893
filters 50,0.8911088911088911,0.38875180878839294,0.9412352810486558,0.050126389939764704,26,30,202277,365.21021127700806
filters 200,0.8981018981018981,0.36603843329193353,0.9711175294379026,0.07301563133600453,16,21,372377,125.09245991706848
