experiment,val_acc,val_loss,overfit_gap,best_epoch,parameters,train_time_sec
baseline (seed 42),0.889111,0.397324,0.062455,18,258977,39.526232
baseline (seed 43),0.898102,0.370608,0.068461,24,258977,51.185963
baseline (seed 44),0.901099,0.379979,0.066020,23,258977,49.937173
embeddings frozen,0.893107,0.411562,0.030021,18,113477,39.321241
embeddings random (no GloVe),0.873127,0.440050,0.096324,30,258977,53.400867
dropout 0.3,0.888112,0.396180,0.091226,19,258977,42.874557
dropout 0.7,0.901099,0.376789,0.032360,28,258977,52.985963
"kernels 3,4,5",0.892108,0.379433,0.068790,20,288977,79.159016
"kernels 1,2,3",0.892108,0.371269,0.061791,21,228977,13.501270
kernel 3 only,0.894106,0.410082,0.031688,30,183377,11.625861
filters 50,0.890110,0.386072,0.057235,30,202277,35.183338
filters 200,0.892108,0.378910,0.068901,13,372377,10.659213
